{
  "config_data": "libri2mix_16k_2src.yaml",
  "split": "dev",
  "num_samples": 3000,
  "num_sources": 2,
  "num_batches": 375,
  "mean_si_snr": [
    14.00049877166748,
    14.046436309814453
  ],
  "std_si_snr": [
    2.5604217052459717,
    2.553504467010498
  ],
  "min_si_snr": [
    5.338742733001709,
    4.486380100250244
  ],
  "max_si_snr": [
    23.081464767456055,
    23.21294403076172
  ],
  "overall_mean_si_snr": 14.023468971252441,
  "overall_std_si_snr": 2.5568554401397705
}