{
  "config_data": "libri2mix_16k_2src.yaml",
  "split": "test",
  "num_samples": 3000,
  "num_sources": 2,
  "num_batches": 375,
  "mean_si_snr": [
    13.910575866699219,
    13.944859504699707
  ],
  "std_si_snr": [
    2.586686611175537,
    2.5751235485076904
  ],
  "min_si_snr": [
    5.696586608886719,
    5.645082473754883
  ],
  "max_si_snr": [
    25.69635772705078,
    23.8527774810791
  ],
  "overall_mean_si_snr": 13.927719116210938,
  "overall_std_si_snr": 2.5807533264160156
}